artist_id,artist_name
1,Louis Benjamin Huber Defeuille
2,Jacques Thouron
3,Jean-Baptiste Nini
4,H. Sanford
5,William P. Babcock
6,Gilbert Stuart
7,Charles Caryl Coleman
8,Henry Inman
9,John La Farge
10,Albert Pinkham Ryder
11,Edwin Austin Abbey
12,Francis Alexander
13,Henry Alexander
14,John White Alexander
15,Washington Allston
16,Ezra Ames
17,Joseph Alexander Ames
18,Ambrose Andrews
19,Thomas Anshutz
20,John Woodhouse Audubon
21,Joseph Badger
22,G. Baker
23,George Augustus Baker Jr.
24,W. H. Bean
25,Cecilia Beaux
26,J. Carroll Beckwith
27,Henry Benbridge
28,Frank W. Benson
29,Albert Bierstadt
30,George Caleb Bingham
31,Joseph Blackburn
32,Ralph Albert Blakelock
33,Edwin Howland Blashfield
34,Jacob D. Blondel
35,Robert Frederick Blum
36,David Gilmour Blythe
37,Otto Boetticher
38,George H. Bogert
39,Frank Myers Boggs
40,William Bradford
41,John Bradley
42,Alfred Thompson Bricher
43,George Loring Brown
44,John George Brown
45,Mather Brown
46,Matilda Auchincloss Brownell
47,George de Forest Brush
48,William Gedney Bunce
49,Dennis Miller Bunker
50,Bryson Burroughs
51,Howard Russell Butler
52,Theodore Earl Butler
53,James H. Cafferty
54,John Carlin
55,Emil Carlsen
56,John William Casilear
57,Mary Cassatt
58,Charles Robert Leslie
59,Francis William Edmonds
60,Jefferson D. Chalfant
61,Thomas Chambers
62,Robert Winthrop Chanler
63,John Gadsby Chapman
64,Alonzo Chappel
65,William P. Chappel
66,William Merritt Chase
67,George Chinnery
68,Frederic Edwin Church
69,Edmund C. Coates
70,William Coffin
71,Thomas Cole
72,Alfred Q. Collins
73,Samuel Colman
74,Charlotte Buell Coman
75,Nelson Cook
76,Colin Campbell Cooper
77,Alfred Copestick
78,John Singleton Copley
79,Eanger Irving Couse
80,Kenyon Cox
81,Caroline Cranch
82,Bruce Crane
83,Jasper Francis Cropsey
84,Johan Mengels Culverhouse
85,Léon Dabo
86,Elliott Daingerfield
87,William P. W. Dana
88,William Dannat
89,Arthur B. Davies
90,Charles Harold Davis
91,Joseph Decker
92,Louis Paul Dessar
93,Charles Melville Dewey
94,Thomas Wilmer Dewing
95,William de Leftwich Dodge
96,Ruger Donoho
97,Thomas Doughty
98,Robert S. Duncanson
99,William Dunlap
100,Asher Brown Durand
101,John Durand
102,George Henry Durrie
103,Frank Duveneck
104,Gerrit Duyckinck
105,Thomas Eakins
106,Ralph Earl
107,Ralph E. W. Earl
108,Oliver Tarbell Eddy
109,Jacob Eichholtz
110,Carnig Eksergian
111,Charles Loring Elliott
112,James Guy Evans
113,Joseph Fagnani
114,Robert Feke
115,Erastus Salisbury Field
116,Charles Noel Flagg
117,Ben Foster
118,John F. Francis
119,August R. Franzen
120,Oliver Frazer
121,Frederick Carl Frieseke
122,James Frothingham
123,George Fuller
124,Wilhelm Heinrich Funk
125,Ignaz Marcel Gaugengigl
126,Edward Gay
127,Walter Gay
128,Robert Swain Gifford
129,Sanford Robinson Gifford
130,Anne Goldthwaite
131,Arthur Clifton Goodwin
132,Henry Peters Gray
133,Albert Lorey Groll
134,Seymour Joseph Guy
135,John Haberle
136,Philip L. Hale
137,James Hamilton
138,Chester (Charles) Harding
139,William Michael Harnett
140,Alexander Harrison
141,James M. Hart
142,William Hart
143,William Stanley Haseltine
144,Childe Hassam
145,Rufus Hathaway
146,Robert Havell Jr.
147,Charles Webster Hawthorne
148,Martin Johnson Heade
149,George P. A. Healy
150,Edward Lamson Henry
151,Albert Herter
152,John Hesselius
153,Edward Hicks
154,Thomas Hicks
155,Joseph H. Hidley
156,John Henry Hill
157,Thomas Hill
158,Thomas Hewes Hinckley
159,George Hitchcock
160,Charles C. Hofmann
161,Winslow Homer
162,Charles Hopkinson
163,Thomas Hovenden
164,William James Hubard
165,Richard William Hubbard
166,William Morris Hunt
167,Daniel Huntington
168,Charles Cromwell Ingham
169,George Inness
170,Charles Wesley Jarvis
171,John Wesley Jarvis
172,David Johnson
173,Eastman Johnson
174,Joshua Johnson
175,William Johnston
176,Francis Coates Jones
177,H. Bolton Jones
178,Alphonse Jongers
179,Matthew Harris Jouett
180,Theodor Kaufmann
181,William Keith
182,Frederick Kemmelmeyer
183,William Sergeant Kendall
184,John Frederick Kensett
185,Joseph Bartholomew Kidd
186,Nicholas Biddle Kittell
187,Anna Klumpke
188,Joseph Kyle
189,George Cochran Lambdin
190,Fitz Henry Lane (formerly Fitz Hugh Lane)
191,Louis Lang
192,William Langson Lathrop
193,Ernest Lawson
194,Jacob Hart Lazarus
195,Thomas Le Clear
196,Emanuel Leutze
197,John Lillie
198,George Linen
199,De Witt McClellan Lockman
200,Wilton Lockwood
201,Henry Augustus Loop
202,Will H. Low
203,Robert MacCameron
204,Frederick William MacMonnies
205,William Magrath
206,John Mare
207,Homer Dodge Martin
208,Arthur Frank Mathews
209,Francis Blackwell Mayer
210,George Willoughby Maynard
211,Jervis McEntee
212,F. A. Mead
213,Gari Melchers
214,Willard Metcalf
215,Frank Millet
216,Louis Moeller
217,Theodore Sidney Moise
218,F. Luis Mora
219,Edward Moran
220,Thomas Moran
221,Samuel F. B. Morse
222,Henry Mosler
223,Reuben Moulthrop
224,Shepard Alonzo Mount
225,William Sidney Mount
226,Henry Siddons Mowbray
227,John Francis Murphy
228,Jerome Myers
229,John Neagle
230,Robert Loftin Newman
231,Henry Hobart Nichols
232,William Page
233,Walter Launt Palmer
234,John Paradise
235,Maxfield Parrish
236,Dewitt Parshall
237,William McGregor Paxton
238,Charles Willson Peale
239,James Peale
240,Raphaelle Peale
241,Rembrandt Peale
242,Charles Sprague Pearce
243,Robert Peckham
244,Enoch Wood Perry
245,John F. Peto
246,Ammi Phillips
247,Jay Campbell Phillips
248,William Lamb Picknell
249,Jean Pillement
250,Theodore E. Pine
251,Charles Peale Polk
252,Alexander Pope
253,Matthew Pratt
254,Maurice Brazil Prendergast 
255,Esther Baldwin Williams
256,John Quidor
257,Charles Sidney Raleigh
258,Henry Ward Ranger
259,John Rasmussen
260,Edward Willis Redfield
261,Robert Reid
262,Frederic Remington
263,William Trost Richards
264,Ferdinand Richardt
265,Theodore Robinson
266,Severin Roesen
267,Thomas Pritchard Rossiter
268,Chauncey F. Ryder
269,Platt Powell Ryder
270,Robert Salmon
271,John Singer Sargent
272,Charles Courtney Curran
273,William H. Schenck
274,Walter Elmer Schofield
275,Charles Schreyvogel
276,Schuyler Limner
277,Samuel H. Sexton
278,James Jebusa Shannon
279,Joshua Shaw
280,Alexander Shilling
281,Walter Shirlaw
282,John Smibert
283,George Henry Smillie
284,William Louis Sonntag
285,Frederick R. Spencer
286,Albert Sterner
287,Joseph Steward
288,Vincent G. Stiepevich
289,Joseph Whiting Stock
290,William Oliver Stone
291,George Henry Story
292,M. A. Sullivan
293,Thomas Sully
294,Thomas Wilcocks Sully
295,George Gardner Symons
296,Augustus Vincent Tack
297,Arthur Fitzwilliam Tait
298,Allen B. Talcott
299,Edmund Charles Tarbell
300,Abbott H. Thayer
301,Jeremiah Theus
302,Stephen Seymour Thomas
303,Alfred Wordsworth Thompson
304,Cephas Thompson
305,Cephas Giovanni Thompson
306,Jerome B. Thompson
307,Thomas Thompson
308,Louis C. Tiffany
309,Stacy Tolman
310,Jonathan K. Trego
311,John Trumbull
312,Dwight William Tryon
313,Allen Tucker
314,John Henry Twachtman
315,Charles Frederick Ulrich
316,Lodewijk Tieling (active ca. 1695-1700)
317,Chinese Painter
318,Unknown Artist
319,John Mix Stanley
320,Pieter Vanderlyn
321,Sir Godfrey Kneller
322,James McNeill Whistler
323,John Vanderlyn
324,Elihu Vedder
325,Douglas Volk
326,Robert W. Vonnoh
327,Hubert Vos
328,A. P. Waite
329,Samuel Lovett Waldo
330,J. C. Wales
331,Henry Oliver Walker
332,Horatio Walker
333,Frank Waller
334,Charles Caleb Ward
335,Edgar Melville Ward
336,Harry W. Watrous
337,Frederick J. Waugh
338,Edwin Lord Weeks
339,John Ferguson Weir
340,Julian Alden Weir
341,Robert Walter Weir
342,Catherine D. Wentworth
343,Adolph Ulrich Wertmuller
344,Benjamin West
345,Edwin White
346,Worthington Whittredge
347,Irving Ramsey Wiles
348,William Williams
349,John Wollaston
350,Joseph Wood
351,Thomas Waterman Wood
352,John  A. Woodside
353,Alexander H. Wyant
354,George Henry Yewell
355,Harvey O. Young
356,Theodore Wores
357,Gifford Beal
358,Annie Traquair Lang
359,William Jennys
360,Reynolds Beal
361,James Green
362,Howard Cushing
363,Louis Kronberg
364,Susan Macdowell Eakins
365,Lilly Martin Spencer
366,Carducius Plantagenet Ream
367,Angelica Kauffmann
368,Jane Peterson
369,Henry Ossawa Tanner
370,Lawrence Kilburn (or Kilbrunn)
371,Albertis del Orient Browere
372,George W. Twibill Jr.
373,Aaron Draper Shattuck
374,Ellen Emmet Rand
375,Guy C. Wiggins
376,Robert Spencer
377,Robert Henri
378,Hayley Lever
379,William James Glackens
380,Miriam Washburn
381,Louis Michel Eilshemius
382,Everett Shinn
383,George Luks
384,John Sloan
385,Lilian Westcott Hale
386,John Christen Johansen
387,Daniel Garber
388,Eugene Higgins
389,George Elmer Browne
390,Adelaide Milton de Groot
391,Clayton S. Price
392,"Anna Mary Robertson ""Grandma"" Moses"
393,Boardman Robinson
394,Lydia Field Emmet
395,James Preston
396,John Kane
397,Prince Demah Barnes
398,Lockwood de Forest
399,James Bard
400,Catherine Wiley
401,William Kennedy
402,Karl Anderson
403,British Painter
404,Stephen William Shaw
405,Unidentified artist
406,Ogawa Haritsu (Ritsuō)
407,Guan Liang
408,Sakya School
409,"Ustad Mohamed, son of Murad"
410,Sahib Ram
411,Pannalai
412,Nainsukh
413,A Master of the Mandi atelier
414,Sri Prathi Singh of Ratlam
415,Shiva and Dayal
416,Chokha
417,Bagta
418,Chotu
419,Bhavani Das
420,Sheikh Taju
421,Bakhta
422,Stipple Master
423,Utagawa Hiroshige
424,Hishikawa Moronobu 菱川師宣
425,Utagawa Kuniyoshi
426,Sesson Shūkei
427,Samoje
428,Li Keran
429,Kano Motonobu
430,Isei
431,Kano Shōun
432,Tosa School
433,Kubo Shunman
434,Utagawa Kuniteru
435,Katsushika Hokusai
436,Tsukioka Sessai
437,Kaigetsudō
438,Ogata Kōrin
439,Xugu (Zhu Huairen)
440,Wu Changshuo
441,Fan Zeng
442,Mao Zuyuan
443,Tang Yin
444,Wu Shiming
445,Sesshū Tōyō 雪舟等楊
446,Kakuho
447,Zhao Songxue
448,Kitagawa Utamaro
449,Shibata Zeshin
450,Hokusai School
451,Kawanabe Kyōsai 河鍋暁斎
452,Miki Suizan
453,Toyosei Kimigi
454,Hashimoto Kansetsu 橋本関雪
455,Matsuo Bashō
456,Tara
457,Dalchand
458,The Kota Master
459,Nihal Chand
460,Xie Zhiliu
461,Ala Bagas
462,Ghasi
463,Seu Family
464,Manak
465,Ragunath
466,Y. G. Srimati
467,Kota Master  A
468,Niju
469,Shao Fan
470,Minol Araki 荒木實
471,Salvador Dalí
472,Giovanni da Udine (Giovanni dei Ricamatori)
473,François Boucher
474,Willem van Leen
475,John Wootton
476,Antonio Zucchi
477,Spanish Painter
478,Hanns Skolle
479,Ben Shahn
480,Walker Evans
481,Isabelle Evans
482,Michal Rovner
483,Charles Clough
484,Lunda Hoyle Gill
485,Ephrem Kouakou
486,"Anonymous, Czech, early 20th century"
487,Sir Joshua Reynolds
488,Kenneth Callahan
489,Jacopo Amigoni
490,Fra Angelico (Guido di Pietro)
491,Zanobi Strozzi
492,Antonello da Messina (Antonello di Giovanni d'Antonio)
493,Antoniazzo Romano (Antonio di Benedetto Aquilio)
494,Ulrich Apt the Elder
495,Abram Efimovich Arkhipov
496,Jacques d'Arthois
497,Bachiacca (Francesco d'Ubertino Verdi)
498,Jacob Backer
499,David Bailly
500,Dionisio Baixeras y Verdaguer
501,Hans Baldung (called Hans Baldung Grien)
502,Ercole Banci
503,Charles Bargue
504,Fra Bartolomeo (Bartolomeo di Paolo del Fattorino)
505,Bartolomeo degli Erri
506,Jules Bastien-Lepage
507,Pompeo Batoni
508,Jean-Frédéric Bazille
509,Charles-Edouard de Beaumont
510,Sir William Beechey
511,Johannes Abrahamsz Beerstraten
512,Barthel Beham
513,Giovanni Bellini
514,Jacopo Bellini
515,Bernardo Bellotto
516,Gyula Benczúr
517,Benjamin-Constant (Jean-Joseph-Benjamin Constant)
518,Marie Guillelmine Benoist
519,Ambrosius Benson
520,Jean Béraud
521,Nicolaes Berchem
522,Bergognone (Ambrogio di Stefano da Fossano)
523,Berlinghiero
524,Bernardino da Genoa
525,Abraham van Beyeren
526,Biagio d'Antonio
527,Cornelis Bisschop
528,William Blake
529,Jacques Blanchard
530,Henri Joseph van Blarenberghe
531,Herri met de Bles
532,Abraham Bloemaert
533,Boccaccio Boccaccino
534,Arnold Böcklin
535,Louis Léopold Boilly
536,Ferdinand Bol
537,Giovanni Boldini
538,Auguste-François Bonheur
539,Rosa Bonheur
540,Bonifacio de' Pitati (Bonifacio Veronese)
541,Richard Parkes Bonington
542,Léon Bonnat
543,Paulus Bor
544,Gerard ter Borch the Younger
545,Paris Bordon
546,Anthonie van Borssom
547,Hieronymus Bosch
548,Giuseppe Bottani
549,Botticelli (Alessandro di Mariano Filipepi)
550,Botticelli
551,Francesco Botticini (Francesco di Giovanni)
552,Eugène Boudin
553,William Bouguereau
554,Sébastien Bourdon
555,Aelbert Bouts
556,Dieric Bouts
557,Hans Traut
558,Bramantino (Bartolomeo Suardi)
559,Leonaert Bramer
560,Bartholomeus Breenbergh
561,Quirijn van Brekelenkam
562,Jules Breton
563,John Brett
564,Jörg Breu the Younger
565,Bronzino (Agnolo di Cosimo di Mariano)
566,Bronzino
567,Hans Brosamer
568,Adriaen Brouwer
569,Pieter Bruegel the Elder
570,Jan Brueghel the Elder
571,Jan Brueghel the Younger
572,Hendrick ter Brugghen
573,Barthel Bruyn the Elder
574,Barthel Bruyn the Younger
575,Budapest Master
576,Giuliano di Piero di Simone Bugiardini
577,Sir Edward Burne-Jones
578,Alexandre Cabanel
579,Francesco Cairo
580,Bernardino Campi
581,Rogier van der Weyden
582,Robert Campin
583,Canaletto (Giovanni Antonio Canal)
584,Jan van de Cappelle
585,Caravaggio (Michelangelo Merisi)
586,Frei Carlos
587,Fra Carnevale (Bartolomeo di Giovanni Corradini)
588,Carolus-Duran (Charles-Auguste-Emile Durant)
589,Vittore Carpaccio
590,Annibale Carracci
591,Eugène Carrière
592,Théodore Caruelle d'Aligny
593,Francesco Casanova
594,Catena (Vincenzo di Biagio)
595,Bernardo Cavallino
596,Jean-Charles Cazin
597,Cenni di Francesco di Ser Cenni
598,Giacomo Ceruti
599,Paul Cézanne
600,Philippe de Champaigne
601,Jean Siméon Chardin
602,French Painter
603,Giuseppe Bartolomeo Chiari
604,Petrus Christus
605,Cigoli (Ludovico Cardi)
606,Cima da Conegliano (Giovanni Battista Cima)
607,Pieter Claesz
608,Claude Lorrain (Claude Gellée)
609,François Clouet
610,Jean Clouet
611,Marcellus Coffermans
612,Edwaert Collier
613,John Constable
614,Bernardino dei Conti
615,Corneille de Lyon
616,Camille Corot
617,Correggio (Antonio Allegri)
618,Richard Cosway
619,Pierre-Auguste Cot
620,Francis Cotes
621,Gustave Courbet
622,Thomas Couture
623,Lucas Cranach the Elder
624,Lucas Cranach the Younger and Workshop
625,Lucas Cranach the Elder and Workshop
626,Gaspar de Crayer
627,Carlo Crivelli
628,Vittore Crivelli
629,John Crome
630,Abraham van Cuylenborch
631,Aelbert Cuyp
632,Bernardo Daddi
633,Pascal-Adolphe-Jean Dagnan-Bouveret
634,Michael Dahl
635,Cesare Dandini
636,Bartholomew Dandridge
637,Charles-François Daubigny
638,Honoré Daumier
639,Gerard David
640,Simon Bening
641,Jacques Louis David
642,Alexandre-Gabriel Decamps
643,Léonard Defrance
644,Edgar Degas
645,Eugène Delacroix
646,Claude Déruet
647,Blaise-Alexandre Desgoffe
648,Alexandre François Desportes
649,Edouard Detaille
650,Eugène Devéria
651,Narcisse-Virgile Diaz de la Peña
652,Abraham van Diepenbeeck
653,Christian Wilhelm Ernst Dietrich
654,Domenichino (Domenico Zampieri)
655,Francisco Domingo y Marqués
656,Gustave Doré
657,Dosso Dossi (Giovanni de Lutero)
658,Gerrit Dou
659,Willem Drost
660,François Hubert Drouais
661,Jacob Duck
662,Rose Adélaïde Ducreux
663,Robert Charles Dudley
664,Gaspard Dughet
665,Pierre Louis Dumesnil the Younger
666,Joseph Siffred Duplessis
667,Gainsborough Dupont
668,Richard Gainsborough Dupont
669,Jules Dupré
670,Albrecht Dürer
671,German Painter
672,Dutch Painter
673,Anthony van Dyck
674,Gerbrand van den Eeckhout
675,Charles Dominique Joseph Eisen
676,Jan Ekels the Younger
677,Cornelis Engebrechtsz
678,William Etty
679,European Painter
680,Netherlandish Painter
681,Conrad Faber von Creuznach
682,Barent Fabritius
683,Peter Faes
684,Henri Fantin-Latour
685,Defendente Ferrari
686,Domenico Fetti
687,Georg Flegel
688,Govert Flinck
689,Lavinia Fontana
690,Vincenzo Foppa
691,Jean-Louis Forain
692,Mariano Fortuny Marsal
693,Jean Honoré Fragonard
694,François-Louis Français
695,Francesco di Giorgio Martini
696,Francesco Francia
697,Italian (Ferrarese) Painter
698,Claude Guy Hallé
699,Jean François de Le Motte
700,Pierre Narcisse Guérin
701,French (Burgundian?) Painter
702,French (Fontainebleau) Painter
703,Northern French Painter
704,Spanish (Aragonese) Painter
705,Charles-Théodore Frère
706,Eugène Fromentin
707,Bernardino Fungai
708,Henry Fuseli
709,Jan Fyt
710,Agnolo Gaddi
711,Thomas Gainsborough
712,Saturnino Gatti
713,Paul Gauguin
714,Gentile da Fabriano (Gentile di Niccolò di Giovanni di Massio)
715,Artemisia Gentileschi
716,Théodore Gericault
717,Niccolò di Pietro Gerini
718,Italian Painter
719,German (Nuremberg) Painter
720,Jean-Léon Gérôme
721,Jacques de Gheyn II
722,Domenico Ghirlandaio (Domenico Bigordi)
723,Davide Ghirlandaio (David Bigordi)
724,Domenico Ghirlandaio
725,Francescuccio Ghissi (Francesco di Cecco Ghissi)
726,Michele Giambono (Michele Giovanni Bono)
727,Giampietrino (Giovanni Pietro Rizzoli)
728,Luca Giordano
729,Giotto di Bondone
730,Giovanni di Paolo (Giovanni di Paolo di Grazia)
731,Pierre-Paul-Léon Glaize
732,Pierre Gobert
733,Hugo van der Goes
734,Vincent van Gogh
735,Jan Gossart (called Mabuse)
736,Goya (Francisco de Goya y Lucientes)
737,Goya
738,Jan van Goyen
739,Benozzo Gozzoli (Benozzo di Lese di Sandro)
740,Francesco Granacci (Francesco di Andrea di Marco)
741,Francesco Granacci
742,François Marius Granet
743,El Greco (Domenikos Theotokopoulos)
744,El Greco (Domenikos Theotokopoulos) and Workshop
745,El Greco
746,Jean-Baptiste Greuze
747,Georg Christoph Grooth
748,Johann Nikolaus Grooth
749,Francesco Guardi
750,Guariento di Arpo
751,Guercino (Giovanni Francesco Barbieri)
752,Domenico Guidobono
753,Hugo von Habermann
754,Dirck Hals
755,Frans Hals
756,Adriaen Hanneman
757,George Henry Harlow
758,Henri-Joseph Harpignies
759,Margareta Haverman
760,Jan Davidsz de Heem
761,Maarten van Heemskerck
762,Bartholomeus van der Helst
763,Jan Sanders van Hemessen
764,Jean-Jacques Henner
765,Jan van der Heyden
766,Meyndert Hobbema
767,William Hogarth
768,Hans Holbein the Younger
769,Melchior d' Hondecoeter
770,Abraham Hondius
771,Pieter de Hooch
772,Samuel van Hoogstraten
773,John Hoppner
774,Peter Jacob Horemans
775,Jacob van Hulsdonck
776,Ferdinand Humbert
777,Pieter Huys
778,Jean Auguste Dominique Ingres
779,Laurence-Augustine Jubé Héquet (Madame Héquet)
780,Adriaen Isenbrant
781,Jozef Israëls
782,Italian (Florentine) Painter
783,Master of the Magdalen
784,"Italian (Florentine) Painter (possibly Jacopo Zucchi, Florence 1541–1590 Rome)"
785,Italian (Lombard) Painter
786,Italian (Marchigian?) Painter
787,North Italian Painter (Verona?)
788,North Italian Painter
789,Italian (Pisan) Painter
790,Abraham Brueghel
791,Italian (Sienese) Painter
792,Italian (Umbrian) Painter
793,Italian (Venetian) Painter
794,Jacometto (Jacometto Veneziano)
795,Jacopino del Conte
796,Daniele da Volterra
797,Charles Jacque
798,Abraham Janssen van Nuyssen
799,Paulin Jénot
800,Jan Joest of Kalkar
801,Antonio Joli
802,Ludolf de Jongh
803,Johan Barthold Jongkind
804,Cornelis Jonson van Ceulen the Elder
805,Cornelis Jonson van Ceulen the Younger
806,Joos van Cleve
807,Jacob Jordaens
808,Juan de Flandes
809,Justus of Ghent
810,Willem Kalf
811,Friedrich August von Kaulbach
812,Wilhelm von Kaulbach
813,Bernhard Keil
814,Kerstiaen de Keuninck
815,Thomas de Keyser
816,Gustav Klimt
817,Thomas Frye
818,Christen Købke
819,Barend Cornelis Koekkoek
820,Wilhelm (Guillaume) Koller
821,Philips Koninck
822,Arkhyp Kuindzhi (Arkhip Ivanovich Kuindzhi)
823,Hans Süss von Kulmbach
824,Laurent de La Hyre
825,Georges de La Tour
826,Adélaïde Labille-Guiard
827,Gerard de Lairesse
828,Sir Edwin Henry Landseer
829,Nicolas de Largillierre (or Largillière)
830,Eugène Lavieille
831,Sir Thomas Lawrence
832,Eustache Le Sueur
833,Andreas Altomonte
834,Frederick Richard Lee
835,Jules-Joseph Lefebvre
836,Wilhelm Leibl
837,"Frederic, Lord Leighton"
838,Alexandre-Louis Leloir
839,Sir Peter Lely (Pieter van der Faes)
840,Sir Peter Lely
841,Marie Victoire Lemoine
842,Franz von Lenbach
843,Ignacio de León y Escosura
844,Henry Lerolle
845,Léon-Augustin Lhermitte
846,Max Liebermann
847,Jacopo Ligozzi
848,Johannes Lingelbach
849,Andrea di Lione
850,Filippino Lippi
851,Fra Filippo Lippi
852,Pietro Longhi (Pietro Falca)
853,Ambrogio Lorenzetti
854,Pietro Lorenzetti
855,Lorenzo di Credi (Lorenzo d'Andrea d'Oderigo)
856,Lorenzo Monaco (Piero di Giovanni)
857,Lorenzo Lotto
858,Luca di Tommè di Nuto
859,Lucas van Leyden
860,Maximilien Luce
861,Federico de Madrazo y de Ochoa
862,Raimundo de Madrazo y Garreta
863,Nicolaes Maes
864,Alessandro Magnasco
865,Hans Makart
866,Vladimir Egorovich Makovsky
867,Giovanni Maldura
868,Hans Maler
869,Antonio Mancini
870,Edouard Manet
871,Andrea Mantegna
872,Charles-François Marchal
873,Emile van Marcke
874,Jacob Maris
875,Matthys Maris
876,Otto Marseus van Schrieck
877,Maso di Banco
878,Quinten Massys
879,Jan Massys
880,Master of 1416
881,Master of the Acts of Mercy
882,North Netherlandish Painter
883,Master of the Annunciation to the Shepherds
884,Jacopo di Arcangelo (called Jacopo del Sellaio)
885,"Master of the Béguins, French or Flemish, active 1650–60 (possibly Abraham Willemsens, Flemish, active by 1627, died 1672)"
886,Master of the Castello Nativity
887,Master of Flora
888,Master of the Brussels Calling of Saint Matthew
889,Master of the Lanckoronski Annunciation
890,Netherlandish (Antwerp) Painter
891,"Master G.Z. (possibly Michele dai Carri, Italian, Ferrara, active by 1405–died 1441 Ferrara)"
892,Master of the Mansi Magdalen
893,Master of the Orcagnesque Misericordia
894,Master of Varlungo
895,Master called Pseudo-Pier Francesco Fiorentino
896,Master of the View of Saint Gudula
897,Marco di Paolo Veneziano
898,"Follower of Rogier van der Weyden (Master of the Saint Ursula Legend Group, Netherlandish, active late 15th century)"
899,Master of the Story of Joseph
900,Master of the Virgin among Virgins
901,Matteo di Giovanni di Bartolo
902,Henri Mauperché
903,Anton Mauve
904,Gabriel Max
905,Juan Bautista Martínez del Mazo
906,Ernest Meissonier
907,Luis Meléndez
908,Hans Memling
909,Lippo Memmi (Filippo di Memmo)
910,Anton Raphael Mengs
911,Hugues Merle
912,Gabriël Metsu
913,Adam Frans van der Meulen
914,Achille-Etna Michallon
915,Georges Michel
916,Michele da Verona (Michele di Zenone)
917,Jean Michelin
918,Michelino da Besozzo (Michelino de Mulinari)
919,Jan Miel
920,Michiel Jansz. van Mierevelt
921,Frans van Mieris the Elder
922,Arnold Boonen
923,Daniël Mijtens
924,Sir John Everett Millais
925,Francisque Millet
926,Jean-François Millet
927,Pier Francesco Mola
928,Pieter de Molijn
929,Peter Monamy
930,Claude Monet
931,Monogrammist LAM
932,Bartolomeo Montagna (Bartolomeo Cincani)
933,Francesco Montemezzano
934,Adolphe Monticelli
935,Anthonis Mor van Dashorst
936,Gustave Moreau
937,Paulus Moreelse
938,Moretto da Brescia (Alessandro Bonvicino)
939,Berthe Morisot
940,George Morland
941,Giovanni Battista Moroni
942,Jan Mostaert
943,Alphonse Mucha
944,Mihály Munkácsy
945,Emanuel Murant
946,Bartolomé Estebán Murillo
947,Martin van Meytens the Younger
948,Matthijs Naiveu
949,Patrick Nasmyth
950,Charles Joseph Natoire
951,Jean Marc Nattier
952,Frans Francken III
953,Pieter Neeffs the Elder
954,Pieter Neeffs the Younger
955,Aert van der Neer
956,Eglon van der Neer
957,Neroccio de' Landi
958,Mikhail Vasilievich Nesterov
959,Netherlandish (Bruges) Painter
960,North Netherlandish (Bruges) Painer
961,Netherlandish (Antwerp) Painters
962,Netherlandish (Antwerp Mannerist) Painter
963,"Netherlandish Painter (possibly Goswijn van der Weyden, active by 1491, died after 1538), ca. 1515–20"
964,Master of the Dinteville Allegory
965,Caspar Netscher
966,Alphonse-Marie-Adolphe de Neuville
967,Niccolò di Buonaccorso
968,Niccolò di Pietro
969,Jacob Ochtervelt
970,Bernard van Orley
971,L'Ortolano (Giovanni Battista Benvenuti)
972,Osma Master
973,Adriaen van Ostade
974,Jean-Baptiste Oudry
975,Jürgen Ovens
976,Pieter van Overschee
977,William Owen
978,Bernardino Detti
979,Jacopo Palma the Younger
980,Pseudo-Palmeruccio
981,Giovanni Paolo Panini
982,Paolo di Giovanni Fei
983,Paolo Veneziano
984,Girolamo Mazzola Bedoli
985,Alberto Pasini
986,Mirabello Cavalori
987,Jean-Baptiste Joseph Pater
988,Robert Peake the Elder
989,Laurent Pécheux
990,Giovanni Antonio Pellegrini
991,Léon-Germain Pelouse
992,Vasilii Grigorievich Perov
993,Peruvian (Cuzco) Painter
994,Perugino (Pietro di Cristoforo Vannucci)
995,Baldassare Tommaso Peruzzi
996,Pesellino (Francesco di Stefano)
997,August Xaver Karl von Pettenkofen
998,Charles Philips
999,Giovanni Battista Piazzetta
1000,Nicolaes Eliasz Pickenoy
1001,Piero di Cosimo (Piero di Lorenzo di Piero d'Antonio)
1002,Jean-Baptiste Marie Pierre
1003,Pietro di Domenico da Montepulciano
1004,Pietro di Francesco Orioli
1005,Karl Theodor von Piloty
1006,Alvaro Pirez
1007,Camille Pissarro
1008,Antoine-Emile Plassan
1009,Vasilii Dmitrievich Polenov
1010,Piero del Pollaiuolo (Piero di Jacopo Benci)
1011,Frans Post
1012,Pieter Jansz. Pourbus
1013,Frans Pourbus the Younger
1014,Nicolas Poussin
1015,Marco d'Oggiono
1016,Mattia Preti (Il Cavalier Calabrese)
1017,Giulio Cesare Procaccini
1018,Jan Provost
1019,Pierre Paul Prud'hon
1020,Scipione Pulzone (Il Gaetano)
1021,Pierre Puvis de Chavannes
1022,Jacob Pynas
1023,Pieter Jansz. Quast
1024,Sir Henry Raeburn
1025,Jean-François Raffaëlli
1026,Raffaellino del Garbo (also known as Raffaelle de' Capponi and Raffaelle de' Carli)
1027,Raphael
1028,Jan van Ravesteyn
1029,Giuseppe Recco
1030,Odilon Redon
1031,Henri Regnault
1032,Rembrandt (Rembrandt van Rijn)
1033,Rembrandt
1034,Guido Reni
1035,Auguste Renoir
1036,Illia Repin (Ilia Efimovich Repin)
1037,Jusepe de Ribera (called Lo Spagnoletto)
1038,Théodule-Augustin Ribot
1039,Sebastiano Ricci
1040,Martín Rico y Ortega
1041,Hyacinthe Rigaud
1042,Briton Riviere
1043,Hubert Robert
1044,Franz Wolfgang Rohrich
1045,Giovanni Francesco Romanelli
1046,George Romney
1047,John Westbrooke Chandler
1048,Salvator Rosa
1049,Cosimo Rosselli
1050,Henri Rousseau (le Douanier)
1051,Philippe Rousseau
1052,Théodore Rousseau
1053,Peter Paul Rubens
1054,Jacob van Ruisdael
1055,Russian Painter
1056,Salomon van Ruysdael
1057,David Ryckaert III
1058,Andrea Sacchi
1059,Francesco Salviati (Francesco de' Rossi)
1060,Rolán de Moys
1061,Carlo Saraceni
1062,Andrea del Sarto (Andrea d'Agnolo)
1063,Sassetta (Stefano di Giovanni)
1064,Giovanni Gerolamo Savoldo
1065,Alexei Kondratievich Savrasov
1066,Godfried Schalcken
1067,August Friedrich Albrecht Schenck
1068,Andrea Schiavone (Andrea Meldola)
1069,Ludwig Schongauer
1070,Julius Schrader
1071,Adolf Schreyer
1072,Samuel Scott
1073,Sebastiano del Piombo (Sebastiano Luciani)
1074,Sebastiano del Piombo
1075,Paul Sébillot
1076,Enoch Seeman the Younger
1077,Segna di Buonaventura
1078,Georges Seurat
1079,James Seymour
1080,Sir Martin Archer Shee
1081,Walter Richard Sickert
1082,Paul Signac
1083,Luca Signorelli (Luca d'Egidio di Luca di Ventura)
1084,Simone Martini
1085,Alfred Sisley
1086,Pieter van Slingelandt
1087,Pieter Snayers
1088,Andrea Solario
1089,Francesco Solimena
1090,Hendrick Sorgh
1091,Joaquín Sorolla y Bastida
1092,Ignacio de Ries
1093,Spanish (Castilian) Painter
1094,Spanish (Catalan) Painter
1095,Spanish (Oña) Painter
1096,Spanish (Valencian) Painter
1097,Massimo Stanzione
1098,Jan Steen
1099,Hendrick van Steenwijck II
1100,Philip Wilson Steer
1101,Alfred Stevens
1102,Matthias Stom
1103,Bernhard Strigel
1104,Jacob van Strij
1105,Bernardo Strozzi
1106,George Stubbs
1107,Justus Sustermans
1108,Lambert Sustris
1109,Michiel Sweerts
1110,Swiss Painter
1111,Nicolas Antoine Taunay
1112,David Teniers the Younger
1113,Pietro Testa
1114,Hans Thoma
1115,Giovanni Battista Tiepolo
1116,Giovanni Domenico Tiepolo
1117,Gillis van Tilborgh
1118,Jacopo Tintoretto (Jacopo Robusti)
1119,Titian (Tiziano Vecellio)
1120,Titian
1121,Tommaso Fiorentino (Tommaso di Stefano Lunetti)
1122,Henri de Toulouse-Lautrec
1123,Gaspare Traversi
1124,Pierre Charles Trémolières
1125,Constant Troyon
1126,Wilhelm Trübner
1127,Cosmè Tura (Cosimo di Domenico di Bonaventura)
1128,Joseph Mallord William Turner
1129,Emmanuel Tzanès
1130,Giovanni di Francesco del Cervelliera
1131,Fritz von Uhde
1132,Wallerant Vaillant
1133,Juan de Valdés Leal
1134,Anne Vallayer-Coster
1135,Carle (Charles André) Vanloo
1136,Lippo Vanni (Lippo Vanni di Giovanni)
1137,Nicolaes van Veerendael
1138,Velázquez (Diego Rodríguez de Silva y Velázquez)
1139,Velázquez
1140,Willem van de Velde II
1141,Johannes Vermeer
1142,Jan Cornelisz Vermeyen
1143,Carle (Antoine Charles Horace) Vernet
1144,Joseph Vernet
1145,Horace Vernet
1146,Paolo Veronese (Paolo Caliari)
1147,Andrea del Verrocchio
1148,Johannes Verspronck
1149,Antoine Vestier
1150,Jean-Georges Vibert
1151,Jan Victors
1152,Elisabeth Louise Vigée Le Brun
1153,José Villegas y Cordero
1154,Marie Denise Villers
1155,Antonio Vivarini
1156,Bartolomeo Vivarini
1157,Simon de Vlieger
1158,Hendrick van Vliet
1159,Antoine Vollon
1160,Cornelis de Vos
1161,Jacob Vosmaer
1162,Abraham de Vries
1163,Roelof van Vries
1164,Alfred Wahlberg
1165,Antoine Watteau
1166,Frederick Waters Watts
1167,George Frederic Watts
1168,Jan Weenix
1169,Sir David Wilkie
1170,Richard Wilson
1171,Franz Xaver Winterhalter
1172,Willem Wissing
1173,Philips Wouwerman
1174,Joseph Wright (Wright of Derby)
1175,Joachim Wtewael
1176,Peter Wtewael
1177,Francesco Zaganelli (Francesco di Bosio)
1178,Anders Zorn
1179,Francesco Zuccarelli
1180,Francisco de Zurbarán
1181,Théodore Chassériau
1182,Andreas Achenbach
1183,Marcantonio Franceschini
1184,Sodoma (Giovanni Antonio Bazzi)
1185,Ivan Konstantinovich Aivazovsky (Hovhannes Aivazian)
1186,Goffredo Wals
1187,Taddeo Gaddi
1188,Anne Louis Girodet-Trioson
1189,James Tissot
1190,Wilhelm von Kobell
1191,Jean François de Troy
1192,Santi di Tito
1193,Johan Christian Dahl
1194,Christoffel van den Berghe
1195,Willem Claesz Heda
1196,Scarsellino (Ippolito Scarsella)
1197,Johann Liss
1198,Caspar David Friedrich
1199,Ludovico Carracci
1200,Master of the Berswordt Altar
1201,Emanuel de Witte
1202,Edmond-François Aman-Jean
1203,Sebastian Stoskopff
1204,Jean Alaux
1205,baron François Gérard
1206,François Joseph Heim
1207,baron Antoine Jean Gros
1208,Johann Heinrich Wilhelm Tischbein
1209,Jean-Augustin Franquelin
1210,Jean Victor Bertin
1211,Joseph Bidauld
1212,Claude Bonnefond
1213,Charles Marie Bouton
1214,Alexandre Calame
1215,Franz Ludwig Catel
1216,Léon Cogniet
1217,Jules Coignet
1218,Adrien Dauzats
1219,Simon Denis
1220,François Diday
1221,Alexandre Hyacinthe Dunouy
1222,Hippolyte Flandrin
1223,Paul Flandrin
1224,Alexandre Evariste Fragonard
1225,André Giroux
1226,"Antoine-Xavier-Gabriel de Gazeau, comte de La Bouëre"
1227,Henri Lehmann
1228,Auguste-Xavier Leprince
1229,Jean-François Montessuy
1230,Léon Pallière
1231,François Edouard Picot
1232,Charles Rémond
1233,Léopold Robert
1234,Paul-Narcisse Salières
1235,Pierre Antoine Augustin Vafflard
1236,Pierre Henri de Valenciennes
1237,Eugène-Joseph Verboeckhoven
1238,Federico Barocci
1239,Nicolas Lancret
1240,Duccio di Buoninsegna
1241,South German (Bavarian?) Painter
1242,Bruno Marzi
1243,Umberto Giunti
1244,Eduard Gaertner
1245,Carl Rottmann
1246,Corrado Giaquinto
1247,Carl Gustav Carus
1248,Constantin Hansen
1249,Eugène Isabey
1250,Johan Thomas Lundbye
1251,Martinus Rørbye
1252,Johan Joseph Zoffany
1253,Pierre Hubert Subleyras
1254,Julius von Leypold
1255,August Heinrich
1256,Karl Blechen
1257,Jean-Michel Cels
1258,Gilles-François-Joseph Closson
1259,"Jean Antoine Constantin, called Constantin d'Aix"
1260,Alexandre Desgoffe
1261,Johann Georg von Dillis
1262,Thomas Fearnley
1263,Léon Fleury
1264,Thomas Jones
1265,Robert-Léopold Leprince
1266,August Lucas
1267,Wilhelm Bendz
1268,Johann Erdmann Hummel
1269,Heinrich Reinhold
1270,François-Edme Ricois
1271,Gustaf Söderberg
1272,Lancelot Théodore Turpin de Crissé
1273,Pierre Henri de Valenciennes or Circle
1274,Joséphine Sarazin de Belmont
1275,Unknown Painter
1276,Jean-Achille Benouville
1277,Johann Jakob Biedermann
1278,"French Painter (Antoine-Félix Boisselier?), ca. 1825"
1279,Giovanni Battista Camuccini
1280,Joseph Anton Koch
1281,Valentin de Boulogne
1282,Agostino Tassi
1283,Alexandre Dubuisson
1284,Ernest-Joachim Dumax
1285,Thales Fielding
1286,Johann Jakob Frey
1287,Lorenz Frølich
1288,Christian Friedrich Gille
1289,Louis Gurlitt
1290,Johann Adam Klein
1291,Louis-Auguste Lapito
1292,Edward Lear
1293,Wilhelm Marstrand
1294,Antoine Pierre Mongin
1295,Carl Morgenstern
1296,Michael Neher
1297,Friedrich Nerly
1298,Gustav Wilhelm Palm
1299,Vilhelm Petersen
1300,Fritz Petzholdt
1301,Romain-Étienne-Gabriel Prieur
1302,George Augustus Wallis
1303,Johann Joachim Faber
1304,Jacopo Bassano (Jacopo da Ponte)
1305,Francis Wheatley
1306,William Powell Frith
1307,Adolph Menzel
1308,Gaetano Gandolfi
1309,Anton Dieffenbach
1310,Filippo Tarchiani
1311,Ugolino da Siena
1312,Orazio Borgianni
1313,Michele Gordigiani
1314,Perino del Vaga (Pietro Buonaccorsi)
1315,Francesco Maffei
1316,Carlo Francesco Nuvolone
1317,"Peter Candid (Pieter de Witte, Pietro Candido)"
1318,Sir Lawrence Alma-Tadema
1319,Georges Clairin
1320,Charles de Coubertin
1321,Alfred Dedreux
1322,Victor Eeckhout
1323,Jean Lecomte du Nouÿ
1324,Isidore Pils
1325,Emile Loubon
1326,Christoffer Wilhelm Eckersberg
1327,Vilhelm Hammershøi
1328,Francesco Trevisani
1329,Ottavio Leoni (Il Padovano)
1330,Meiffren Conte
1331,Charles Le Brun
1332,Bhawani Das
1333,Burhan Doğançay
1334,Ali Banisadr
1335,Shirazeh Houshiary
1336,Farah Ossouli
1337,Marcos Grigorian
1338,Isma'il Gulgee
1339,Samira Abbassy
1340,Reza Derakhshani
1341,Fereydoun Ave
1342,Seyed Mohammad Ehsaey
1343,Ardeshir Mohassess
1344,Follower of Barna da Siena
1345,Bartolo di Fredi
1346,Workshop of  Niccolò di Buonaccorso
1347,Goodhart Ducciesque Master
1348,Giovanni Antonio da Pesaro
1349,Osservanza Master
1350,Sano di Pietro (Ansano di Pietro di Mencio)
1351,Icilio Federico Ioni
1352,Benvenuto di Giovanni
1353,Maestro Daddesco
1354,Workshop of Botticelli
1355,Spinello Aretino (Spinello di Luca Spinelli)
1356,Andrea di Cione (Orcagna)
1357,Jacopo di Cione
1358,Bicci di Lorenzo
1359,Workshop of Fra Filippo Lippi
1360,Neri di Bicci
1361,Master of Marradi
1362,Alesso di Benozzo
1363,Lorenzo Veneziano
1364,Master of Forlì
1365,Nicola di Maestro Antonio
1366,Luca Carlevaris
1367,Giambattista Cimaroli
1368,Maestro delle Storie del Pane
1369,"Italian, Lombard (probably Pavia)"
1370,Master of the Dominican Effigies
1371,Antonio del Massaro da Viterbo
1372,"Italian, Neapolitan Follower of Giotto"
1373,Giovanni Baronzio
1374,Master of Saint Francis
1375,Puccio di Simone
1376,Niccolò Alunno (Niccolò di Liberatore)
1377,"Italian Painter, of uncertain date"
1378,Style of Andrea Mantegna (of uncertain date)
1379,Master of the Saint Ursula Legend
1380,Master of Frankfurt
1381,"Netherlandish Painter, second half of 16th century"
1382,Master of the Female Half-Lengths
1383,Netherlandish (Antwerp?)
1384,"Dutch (Utrecht Caravaggist) Painter, 17th century"
1385,Simon Marmion
1386,Netherlandish or French
1387,Jean Hey (called Master of Moulins)
1388,Master of Saint Giles
1389,Attributed to Corneille de Lyon
1390,Master of the Munich Bavarian Panels
1391,German
1392,Lucas Cranach the Younger
1393,Master H.A. or A.H.
1394,"Dutch (Amsterdam) Painter, about 1640–50"
1395,Diego Rodríguez de Silva y Velázquez
1396,Jean Jacques Hauer
1397,Henri-Edmond Cross (Henri-Edmond Delacroix)
1398,Armand Guillaumin
1399,Paul-Désiré Trouillebert
1400,Netherlandish
1401,Ugolino da Siena (Ugolino di Nerio)
1402,Bartolomeo Bulgarini
1403,Barna da Siena
1404,Pierre Bonnard
1405,Georges Braque
1406,Marc Chagall
1407,André Derain
1408,Georges d'Espagnat
1409,Gustave Loiseau
1410,Edouard Vuillard
1411,Albert Marquet
1412,Henri Matisse
1413,Georges Rouault
1414,Maurice Utrillo
1415,Louis Valtat
1416,Jacques Villon
1417,Maurice de Vlaminck
1418,"Italian [Tuscan] Painter, first quarter of 14th century"
1419,Balthus (Balthasar Klossowski)
1420,Pietro di Giovanni d'Ambrogio
1421,Kees van Dongen
1422,Vicente do Rego Monteiro
1423,Marcel Dyf
1424,Roger Bezombes
1425,Dietz Edzard
1426,Albert André
1427,Edouard Pignon
1428,Cristóbal Ruiz
1429,Carlo Canevari
1430,Armand Sinko
1431,Constantin Alexandrovitch Westchiloff
1432,Raymond Legueult
1433,Dattatray Gundo Kulkarni
1434,Paul Ambille
1435,Pepe Romero
1436,"French or American Artist (possibly Victor de Grailly, Paris, 1804–1889)"
1437,Yves Brayer
1438,Pierre Alechinsky
1439,"Terechkovitch, Constantin (Kostia)"
1440,André Bauchant
1441,Lucy Valore
1442,Emil Grau-Sala
1443,Henry Ary
1444,Samuel Sánchez
1445,Suzanne Valadon
1446,Willy Eisenschitz
1447,André Brasilier
1448,George Rohner
1449,Jean Hugo
1450,Benjamín Palencia
1451,Marcel Vertès
1452,Domingo Ram
1453,Master of Belmonte
1454,Master of Saint Augustine
1455,Master of the Codex of Saint George
1456,Niccolò di Tommaso
1457,William Rothenstein
1458,George Bellows
1459,Paul Dougherty
1460,Eugene Speicher
1461,Edward J. Steichen
1462,Jonas Lie
1463,William Orpen
1464,Rockwell Kent
1465,Charles Shepard Chapman
1466,Josef Albers
1467,Giorgio de Chirico
1468,Emil Nolde
1469,Pablo Picasso
1470,Theodoros Stamos
1471,Edward Avedisian
1472,Chaim Goldberg
1473,Conrad Marca-Relli
1474,František Kupka
1475,Preston Dickinson
1476,Mark Rothko
1477,Leon Polk Smith
1478,Ward Lockwood
1479,Emil Schumacher
1480,Kumi Sugai
1481,Frank Stella
1482,Richard Diebenkorn
1483,David Hockney
1484,Hans Hartung
1485,Boris Grigoriev
1486,Vasili Shoukhaiev
1487,Boris Mikhailovich Kustodiev
1488,Ilya Mashkov
1489,Ellsworth Kelly
1490,Klaus Fussmann
1491,Philip Guston
1492,Thomas Sills
1493,James Whitney Fosburgh
1494,Raymond Parker
1495,Carlos Osorio
1496,Friedel Dzubas
1497,Esteban Vicente
1498,Larry Poons
1499,Gene Davis
1500,Gandy Brodie
1501,Sally Hazelet Drummond
1502,Pavel Tchelitchew
1503,Kenneth Noland
1504,Dan Christensen
1505,Ludwig Sander
1506,Jack Whitten
1507,Jules Olitski
1508,Barnett Newman
1509,James Brooks
1510,Adolph Gottlieb
1511,Willem de Kooning
1512,Milton Avery
1513,Maxwell Hendler
1514,Richard Hennessy
1515,N.C. Wyeth
1516,Hans Hofmann
1517,Alexander Liberman
1518,Karl Knaths
1519,Charles Picco
1520,Ilya Bolotowsky
1521,Alfred Munnings
1522,Gwen John
1523,Al Held
1524,Fairfield Porter
1525,Walter Darby Bannard
1526,Morris Louis
1527,Arthur B. Carles
1528,Ad Reinhardt
1529,Alice Trumbull Mason
1530,John McLaughlin
1531,Bob Thompson
1532,Clyfford Still
1533,Andy Warhol
1534,Jean Dewasne
1535,William Baziotes
1536,David Budd
1537,Frank Auerbach
1538,Jane Wilson
1539,Jane Freilicher
1540,Nell Blaine
1541,Philip Pearlstein
1542,Paul Delvaux
1543,John Day
1544,Joseph Hirsch
1545,Hale Woodruff
1546,Larry Zox
1547,Robert Kulicke
1548,Clifford Ross
1549,Alex Katz
1550,Gertrude Glass Greene
1551,William Nicholson
1552,Neil Welliver
1553,I. J. Belmont
1554,Wolf Kahn
1555,Sam Gilliam
1556,William Zorach
1557,Marguerite Zorach
1558,Thomas Lanigan-Schmidt
1559,Meraud Guevara
1560,Frederick J. Brown
1561,Charles Seliger
1562,Lee Gatch
1563,Raphael Soyer
1564,Jim Dine
1565,François Rouan
1566,Audrey Flack
1567,Jean Isy de Botton
1568,Walt Kuhn
1569,Maurice Golubov
1570,Malcolm Morley
1571,Milton Resnick
1572,Alice Baber
1573,Gwenn Thomas
1574,Warren Brandt
1575,Dennis Ashbaugh
1576,Roy Lichtenstein
1577,Joan Witek
1578,Frank Bowling
1579,Malcolm Bailey
1580,John Clem Clarke
1581,Ed Baynard
1582,Norman Rockwell
1583,Leon Kelly
1584,Richard Anuszkiewicz
1585,Stanley Spencer
1586,Michael Andrews
1587,Duncan Grant
1588,Joan Snyder
1589,Stephen Buckley
1590,Doug Ohlson
1591,Dimitrie Berea
1592,Mervin Honig
1593,Samuel Halpert
1594,Bill Jensen
1595,Luise Kaish
1596,Will Barnet
1597,Stuart Davis
1598,Alice Neel
1599,Margo Hoff
1600,Edda Renouf
1601,Morris Shulman
1602,Jean Dubuffet
1603,Hananiah Harari
1604,Werner Drewes
1605,Harry Bowden
1606,Lois Mailou Jones
1607,Nabil Nahas
1608,Nicolas de Staël
1609,David Burliuk
1610,Grace Hartigan
1611,Robert Swain
1612,Sanford Wurmfeld
1613,Karl Schrag
1614,Jean Hélion
1615,C. K. Chatterton
1616,Yvonne Jacquette
1617,Jackson Pollock
1618,Rex Lau
1619,Man Ray
1620,Mark Tansey
1621,Horacio Torres
1622,Stephen Edlich
1623,R.B. Kitaj
1624,Walasse Ting
1625,Gregory Gillespie
1626,Horace Pippin
1627,Richard Pousette-Dart
1628,James Rosenquist
1629,Michael David
1630,Mark Baum
1631,Randy Dudley
1632,John Moore
1633,Janet Fish
1634,John Walker
1635,Louisa Chase
1636,Cy Twombly
1637,Marjorie Portnow
1638,Leonor Fini
1639,Tsuguharu Foujita
1640,Richard Bosman
1641,Jacob El Hanani
1642,Lee Krasner
1643,Paul Trebilcock
1644,Rufino Tamayo
1645,Jeanne Duval
1646,Fernando Botero
1647,Rafael Ferrer
1648,Mark Innerst
1649,Charles Garabedian
1650,Robert Natkin
1651,Gabor F. Peterdi
1652,Tom Lieber
1653,Elmer Bischoff
1654,Leon Kroll
1655,David Smith
1656,David Park
1657,Lizbeth Mitty
1658,Francis Picabia
1659,Irene Rice Pereira
1660,Lynn Bostick
1661,James Havard
1662,Marsden Hartley
1663,Lester Johnson
1664,Fritz Glarner
1665,Chuck Forsman
1666,Jonathan Weinberg
1667,David Wojnarowicz
1668,Warren Rohrer
1669,José Gamarra
1670,Sigrid Burton
1671,Ronnie Landfield
1672,Glenn Coleman
1673,Ralph Mayer
1674,Roger Brown
1675,Hugh O'Donnell
1676,James McGarrell
1677,Miguel Piñero
1678,Tod Wizon
1679,David Bates
1680,Duncan Hannah
1681,James Brown
1682,Jacques Hartmann
1683,Red Grooms
1684,Dennis Smith
1685,Joan Miró
1686,Leonard Koscianski
1687,James G. Davis
1688,Walter Hatke
1689,Dona Nelson
1690,Alan Shields
1691,Mark Wethli
1692,Ralph Rosenborg
1693,Paul Klee
1694,Emil Bisttram
1695,Ed Garman
1696,Robert Helm
1697,Nicholas Africano
1698,Saul Villa
1699,Yasuo Kuniyoshi
1700,Marie Laurencin
1701,Jean Marchand
1702,Edvard Munch
1703,Jules Pascin
1704,James Ormsbee Chapin
1705,e. e. cummings
1706,Agnes Martin
1707,Hunt Slonem
1708,Gary Jacobson
1709,George Nick
1710,Gregory Amenoff
1711,Rackstraw Downes
1712,David True
1713,Joseph Santore
1714,John McNamara
1715,April Gornik
1716,Joseph Floch
1717,Peter Solow
1718,James Valerio
1719,Thomas Nozkowski
1720,Sean Scully
1721,George Peck
1722,Esphyr Slobodkina
1723,Luis Cruz Azaceta
1724,Robert Lowe
1725,Robert Jessup
1726,Sidney Goodman
1727,John Ferren
1728,Albert Eugene Gallatin
1729,George L.K. Morris
1730,Arakawa
1731,Georg Baselitz
1732,Sam Messer
1733,Max Weber
1734,Chris Baker
1735,Rodrigo Moynihan
1736,Jules Kirschenbaum
1737,Lee Jaffe
1738,Stone Roberts
1739,George McNeil
1740,Jane Dickson
1741,John Hull
1742,Peter Booth
1743,Glenn Goldberg
1744,Ken Kiff
1745,John Monks
1746,Peter Fletcher
1747,Ron Janowich
1748,Mark Luyten
1749,Cheryl Laemmle
1750,Bernard Karfiol
1751,Jim Waid
1752,Jack Bush
1753,Anne Ryan
1754,Tamara de Lempicka
1755,Lucas Samaras
1756,László Moholy-Nagy
1757,Tom Fellner
1758,Royce Howes
1759,Thomas Schindler
1760,Louise Fishman
1761,Franz Kline
1762,Ciel Bergman
1763,Giorgio Cavallon
1764,Catherine Murphy
1765,Donald Sultan
1766,Hilla Rebay
1767,Kevin Larmon
1768,Graham Nickson
1769,Robert Greene
1770,Fernand Léger
1771,Jeffrey Smart
1772,Robert Colescott
1773,Arnold Friedman
1774,Avner Moriah
1775,Mary Mabbutt
1776,Jonathan Waller
1777,Stanislav Kolibal
1778,Ephraim Rubenstein
1779,John Beerman
1780,Roberto Juarez
1781,Gareth Sansom
1782,Chuck Close
1783,William Robinson
1784,Clifton Pugh
1785,Steve Hawley
1786,David Reed
1787,Arturo Rodriguez
1788,Jack Beal
1789,Ethel Schwabacher
1790,Robert Guinan
1791,Georgia O'Keeffe
1792,Ben-Zion
1793,Rudolf Ray
1794,Erich Klossowski
1795,Honoré Sharrer
1796,Alan Sonfist
1797,Jerome Witkin
1798,Peter Blake
1799,Edward McKnight Kauffer
1800,"Thomas S. Buechner, III"
1801,Robert Motherwell
1802,Paul Manes
1803,John Bellany
1804,Eda Mirsky Mann
1805,Katherine Bowling
1806,Neil Jenney
1807,Domenic Cretara
1808,Jim Sullivan
1809,Peter Waite
1810,Robert Mason
1811,Sabina Ott
1812,Angelo Ippolito
1813,Lydia Dona
1814,Yuri Kuper
1815,Donald Shambroom
1816,David Krueger
1817,Peter Saul
1818,Viacheslav Kalinin
1819,Herb Aach
1820,Helen Torr
1821,Troy Brauntuch
1822,Julian Schnabel
1823,Elizabeth Murray
1824,George Constant
1825,Dorothy Eisner
1826,Peter Howson
1827,Andrew Spence
1828,Lucy Jones
1829,Robert Bordo
1830,Randall Deihl
1831,Paul Benney
1832,Timothy Lowly
1833,Carole Robb
1834,Altoon Sultan
1835,Richard Clarke
1836,Juan Sanchez
1837,Ida Applebroog
1838,Cynthia Hazen Polsky
1839,Keith Milow
1840,Katherine Porter
1841,Helen Miranda Wilson
1842,Jean Dunand
1843,Ronald Bladen
1844,Anatjari Tjakamarra
1845,Joan Mitchell
1846,Sally Heywood
1847,Joyce Treiman
1848,Gary Stephan
1849,Aaron Fink
1850,Benny Andrews
1851,Richard Artschwager
1852,Leon Kossoff
1853,Stephen Conroy
1854,Judy Ledgerwood
1855,Maurice Marinot
1856,Salle Werner Vaughn
1857,John Koch
1858,Rubén Ortiz
1859,José González Veites
1860,Sally Michel Avery
1861,Faith Ringgold
1862,Alejandro Arango
1863,Dulce María Nuñez
1864,Frederick Serger
1865,Susana Sierra
1866,Jose Luis Romo
1867,Mario Martín del Campo
1868,Miguel Castro Leñero
1869,Joe Andoe
1870,Umberto Boccioni
1871,Sandra Fisher
1872,Allan D'Arcangelo
1873,Vladimir Kompanek
1874,Robert Cumming
1875,Vincent Desiderio
1876,Afro
1877,Paul Burlin
1878,Liliana Porter
1879,Adán Hernández
1880,Jean Charlot
1881,Merrill Mahaffey
1882,Idelle Weber
1883,Amy Weiskopf
1884,Houghton Cranford Smith
1885,Manolo Valdés
1886,Louis Bouché
1887,Tim Storrier
1888,Jacob Glushakow
1889,Federico Vegas
1890,Harry Kramer
1891,Zoran Mušič
1892,Eugenie Baizerman
1893,Jerome Carlin
1894,Ralston Crawford
1895,Bill Jacklin
1896,Roger de la Fresnaye
1897,Maria Elena Vieira da Silva
1898,Charmion von Wiegand
1899,Burgoyne Diller
1900,Piet Mondrian
1901,Komar & Melamid
1902,Norman Wilfred Lewis
1903,Margery Edwards
1904,John R. Fudge
1905,Misha Reznikoff
1906,Jean Arp
1907,Mary Beth McKenzie
1908,John Dubrow
1909,Otto Dix
1910,Boyd & Evans
1911,James D. Butler
1912,Alexander Brook
1913,Arthur Dove
1914,Charles Sheeler
1915,Beauford Delaney
1916,Stephen Hannock
1917,Fred Williams
1918,Jennifer Bartlett
1919,Susan Rothenberg
1920,Rosalie Gascoigne
1921,Euan Macleod
1922,Imants Tillers
1923,Joseph Delaney
1924,O. Louis Guglielmi
1925,Don Nice
1926,Douglas Safranek
1927,Julian Lethbridge
1928,Caio Fonseca
1929,Anthony Viti
1930,Loren MacIver
1931,William Anthony
1932,Paul Hawdon
1933,Jorge Eduardo
1934,Mariano Sapia
1935,Y. Z. Kami
1936,Judith Cotton
1937,Kay WalkingStick
1938,Miriam Schapiro
1939,Richmond Burton
1940,Reginald Pollack
1941,Lois Bartlett Tracy
1942,Lois Lane
1943,Leland Bell
1944,Leonid Lamm
1945,Antonio Henrique Amaral
1946,Miguel Padura
1947,Helen Frankenthaler
1948,Lucian Freud
1949,Georges Noël
1950,Paul Cadmus
1951,Chaim Soutine
1952,John Wonnacott
1953,Christopher Richard Wynne Nevinson
1954,David Klamen
1955,Daniel Rolph
1956,Edwina Leapman
1957,Cedric Morris
1958,Nicolas Granger-Taylor
1959,Fritz Bultman
1960,Raymond Saunders
1961,Roberto Matta
1962,Elaine de Kooning
1963,Howard Hodgkin
1964,Stephen Greene
1965,Luigi Lucioni
1966,Thérèse Oulton
1967,Robert Harms
1968,Charles Baskerville
1969,Niles Spencer
1970,Wilbur Niewald
1971,Arturo Elizondo
1972,Robert Beauchamp
1973,Won-Gi Sul
1974,Keun-Joong Kim
1975,Dong-Koo Yun
1976,Tchah-Sup Kim
1977,Kenzo Okada
1978,Isabel Bishop
1979,Marthe Keller
1980,Peter Blume
1981,Juan Gris
1982,Amedeo Modigliani
1983,Gory
1984,Joseph Stella
1985,Mario Bencomo
1986,Dorothy Dehner
1987,Lawrence H. Lebduska
1988,Earl Cunningham
1989,Glen Hansen
1990,Odd Nerdrum
1991,Joe Brainard
1992,Judith Rothschild
1993,John Steuart Curry
1994,Howardena Pindell
1995,Anselm Kiefer
1996,Terry Winters
1997,Jake Berthot
1998,Henry Pearson
1999,Jasper Johns
2000,Patrick Procktor
2001,Miklos Suba
2002,Beatriz Milhazes
2003,Guy Pène du Bois
2004,Charles Bittinger
2005,Aldro T. Hibbard
2006,Felicie Waldo Howell
2007,A. Sheldon Pennoyer
2008,Kenneth Hayes Miller
2009,Leopold Seyffert
2010,Ignacio Zuloaga
2011,Carlos Baca-Flor
2012,Edward Hopper
2013,Ogden M. Pleissner
2014,Reginald Marsh
2015,Henry Lee McFee
2016,Thomas Hart Benton
2017,Frederic M. Grant
2018,Charles Ephraim Burchfield
2019,Molly Luce
2020,Ernest Blumenschein
2021,Maurice Sterne
2022,Clarence Holbrook Carter
2023,Waldo Peirce
2024,Doris Lee
2025,Paul Sample
2026,George Biddle
2027,Edwin Dickinson
2028,Richard Blow
2029,Hobson Pittman
2030,Frank Mechau
2031,Dale Nichols
2032,Mary Hoover Aiken
2033,Maud Morgan
2034,Audrey Buller
2035,Edith C. Blum
2036,Harry Lane
2037,Julian Levi
2038,George Grosz
2039,William Gropper
2040,Irene de Bohus
2041,Paul Valentine Lantz
2042,Andrée Ruellan
2043,Junius Allen
2044,Betty Lane
2045,Darrel Austin
2046,Harry Shoulberg
2047,George Russell Drysdale
2048,Moses Soyer
2049,William Scott Pyle
2050,Jack Levine
2051,Lyonel Charles Feininger
2052,John Atherton
2053,Aaron Bohrod
2054,Raymond Breinin
2055,Charles Houghton Howard
2056,Philip Evergood
2057,Frank Kleinholz
2058,Kurt Ferdinand Roesch
2059,Eugene Berman
2060,Bradley Walker Tomlin
2061,William Tasker
2062,Josef Presser
2063,Remo Farruggio
2064,Reginald Wilson
2065,Joseph De Martini
2066,Ben Benn
2067,Lee Jackson
2068,Rico Lebrun
2069,Leonid
2070,Nahum Tschacbasov
2071,Franklin Watkins
2072,John Weeks
2073,Ronald Tizard
2074,Michel Alexander Werboff
2075,John Marin
2076,Margit Varga
2077,Dahlov Ipcar
2078,B. J. O. Nordfeldt
2079,Everett Spruce
2080,Walter Stuempfig
2081,Charles Demuth
2082,Vasily Kandinsky
2083,Gino Severini
2084,Diego Rivera
2085,Stanton Macdonald-Wright
2086,Grant Wood
2087,Mitchell Siporin
2088,Karl Zerbe
2089,Abraham Rattner
2090,Arthur Osver
2091,Priscilla Roberts
2092,Andrew Wyeth
2093,Robert Brackman
2094,Ivan Albright
2095,Charles Henry Alston
2096,Andrew Michael Dasburg
2097,Sueo Serisawa
2098,Marion Greenwood
2099,Lamar Dodd
2100,Carlyle Brown
2101,Walter Murch
2102,Leon Karp
2103,Jimmy Ernst
2104,Peppino Mangravite
2105,Attilio Salemme
2106,Florine Stettheimer
2107,Katherine Sophie Dreier
2108,Hedda Sterne
2109,Robert Philipp
2110,Balcomb Greene
2111,William Grosvener Congdon
2112,Sidney Simon
2113,Cleve Gray
2114,Gonzalo Ariza
2115,Joseph Glasco
2116,Mark Tobey
2117,"Eugen, Prince of Sweden"
2118,Charles Kenneth Sibley
2119,Arbit Blatas
2120,William Thon
2121,Alfred Maurer
2122,Kay Sage
2123,Charles Shaw
2124,Victor Candell
2125,Jack Tworkov
2126,Eliot Clark
2127,Yves Tanguy
2128,John Hultberg
2129,John Heliker
2130,Nicolas Carone
2131,Larry Rivers
2132,Stephen Etnier
2133,Arshile Gorky
2134,Lodewijk Karel Bruckman
2135,Carroll Cloar
2136,Gerald Leslie Brockhurst
2137,George Tooker
2138,Nancy Ellen Craig
2139,Carl A. Morris
2140,Aaron A Shikler
2141,Paul Chabas
2142,Alfonso Ossorio
2143,Pietro Annigoni
2144,Roger Eliot Fry
2145,John Carroll
2146,Jean Metzinger
2147,Augustus John
2148,Patrick Henry Bruce
2149,Millie Bruhl Fredrick
2150,Patricia Cunningham
2151,Sidney Laufman
2152,Oscar Bluemner
2153,Albert Gleizes
2154,George Ault
2155,Jerome Blum
2156,Robert Vickrey
2157,André-Dunoyer de Segonzac
2158,Séraphine Louis
2159,Félix Vallotton
2160,Max Beckmann
2161,Paul-Albert Besnard
2162,Raoul Dufy
2163,James Ensor
2164,Moïse Kisling
2165,Pierre Laprade
2166,John Graham
2167,Alan Reynolds
2168,Jean Xceron
2169,Stefan Hirsch
2170,Robert Goodnough
2171,Rollin Crampton
2172,Vanessa Stephen Bell
2173,Francis Bacon
2174,Victor Brauner
2175,Max Ernst
2176,Alberto Giacometti
2177,Ellen Gallagher
2178,Laura Owens
2179,Wyndham Lewis
2180,Ernst Ludwig Kirchner
2181,Paul Feeley
2182,Earl Kerkam
2183,Alfred Leslie
2184,Robert De Niro
2185,Julian Stanczak
2186,Stephen Mangan
2187,Ian Phillips
2188,Edgar Levy
2189,Maurice Denis
2190,Alice Dalton Brown
2191,Wilhelm Moser
2192,Matthew Weinstein
2193,Robert Cottingham
2194,Guillermo Kuitca
2195,Robert Ryman
2196,Scott Fraser
2197,Bernard Childs
2198,Tremain Smith
2199,Martin Kline
2200,Mari-Louise Van Esselstyn
2201,John Gibson
2202,Julian Hatton
2203,Louis Süe
2204,Ralph Fasanella
2205,Anne Peretz
2206,Hans Moller
2207,Vincent D. Smith
2208,Ellen Phelan
2209,Jim Torok
2210,Leonora Carrington
2211,René Magritte
2212,Jean-Paul Riopelle
2213,Karel Nel
2214,William Scott
2215,Eric Fischl
2216,Tom Levine
2217,Jacob Lawrence
2218,Victor Vasarely
2219,Sukhrob Kurbanov
2220,Arthur Segal
2221,Pierre Matisse
2222,Zao Wou-Ki
2223,Don Eddy
2224,Ben Nicholson
2225,Francesco Clemente
2226,Robert Rauschenberg
2227,Manierre Dawson
2228,"Jaune Quick-to-See Smith, Enrolled Salish member of the Confederated Salish and Kootenai Tribes of the Flathead Reservation"
2229,Gazbia Sirry
2230,Betty Woodman
2231,Paul Ranson
2232,D. J. Hall
2233,Judit Reigl
2234,Pat Steir
2235,Joseph Mellor Hanson
2236,Cecily Brown
2237,Peter Sacks
2238,Algernon Newton RA
2239,George Condo
2240,Sam Francis
2241,Dennis Hopper
2242,Jenny Saville
2243,Amy Bennett
2244,Richard Upton
2245,Al Loving
2246,Sylvia Plimack Mangold
2247,Rashid Rana
2248,Radcliffe Bailey
2249,Jenny Holzer
2250,Chantal Joffe
2251,Nate Lowman
2252,Donald Moffett
2253,Callum Innes
2254,Marvin Mattelson
2255,Guillaume Voiriot
2256,Tenzing Rigdol
2257,Nasrollah Afjei
2258,Morris Hirshfield
2259,Peter Hristoff
2260,Sohrab Sepehri
2261,Juan Rodríguez Juárez
2262,Alma Thomas
2263,Kevin Moss
2264,Robert Courtright
2265,Roberto Parodi
2266,Bruce Boice
2267,Elmar Rojas
2268,Ron Gorchov
2269,George Negroponte
2270,Jeff
2271,Peter Bradley
2272,Chema Cobo
2273,May Stevens
2274,Terry Allen
2275,Luis Lizardo
2276,Peter Schuyff
2277,Todd Siler
2278,Don Wynn
2279,Arnaldo Roche Rabell
2280,John Alexander
2281,Melissa Meyer
2282,Dan McCleary
2283,Oliver Lee Jackson
2284,Robert Kushner
2285,John Tweddle
2286,Tishan Hsu
2287,Paul Wonner
2288,Richard Chiriani
2289,Frances Barth
2290,Jane Hammond
2291,Doug Anderson
2292,Christopher Brown
2293,Mark Kostabi
2294,Chuck Connelly
2295,Dana Van Horn
2296,Ed Paschke
2297,A. Robert Birmelin
2298,Broto
2299,William Anastasi
2300,Siron Franco
2301,Richard Smith
2302,Javier Arévalo
2303,Theophilus Brown
2304,Paul Marcus
2305,Willard Dixon
2306,Peter Nadin
2307,Paul Sarkisian
2308,Nicholas Jolly
2309,Stephen Barclay
2310,Joe Zucker
2311,Ian Smith
2312,Per Kirkeby
2313,Nancy Haynes
2314,Vladimir Ovchinnikov
2315,Noah Jemison
2316,Marcia Grostein
2317,Brad Davis
2318,Randall Schmit
2319,Cham Hendon
2320,Susan Laufer
2321,Christian Peltenburg-Brechneff
2322,In Kie Whang
2323,Ferdinand Hodler
2324,Tomma Abts
2325,Nicolás Enríquez
2326,Bumpei Usui
2327,Faramarz Pilaram
2328,Fernando Yáñez de la Almedina
2329,Gerardus Duyckinck I
2330,Giovanni Battista Gaulli (Il Baciccio)
2331,Kamrooz Aram
2332,Golnaz Fathi
2333,Giovanni Benedetto Castiglione (Il Grechetto)
2334,Albert Bloch
2335,Unknown
2336,Mark Bradford
2337,Pedro Orrente
2338,Qiu Shihua
2339,Thornton Dial
2340,Joe Light
2341,Mary Proctor
2342,Nellie Mae Rowe
2343,Mary T. Smith
2344,Mose Tolliver
2345,Purvis Young
2346,Frederick Goodall
2347,Doreen Reid Nakamarra
2348,Dorothy Napangardi
2349,Ena Gimme Nungurrayi
2350,Kathleen Petyarre
2351,Abie Loy Kemarre
2352,Lena Nyadbi
2353,Gunybi Ganambarr
2354,Ludovico Mazzolino
2355,Shiva Ahmadi
2356,Ubaldo Gandolfi
2357,Adriana Varejão
2358,Sophie von Hellermann
2359,Zhang Daqian
2360,Kerry James Marshall
2361,Guido Cagnacci
2362,Yang Jiechang
2363,Gustave Caillebotte
2364,Aaron Douglas
2365,Charles Ethan Porter
2366,Antoine-Louis Barye
2367,Bridget Riley
2368,Fernand Khnopff
2369,Joachim Beuckelaer
2370,Christopher Le Brun
2371,Charles Rennie Mackintosh
2372,Edward Bannister
2373,Marion Sampler
2374,Kojo Griffin
2375,Luis de Morales
2376,Qiu Anxiong
2377,Massoud Arabshahi
2378,Hannibal Alkhas
2379,Li Huasheng
2380,August Cappelen
2381,William A. Harper
2382,Carl Maria Nicolaus Hummel
2383,Alphonse-Henri Périn
2384,Zubelda Cigarettes
2385,Jules Tavernier
2386,L. T. P. Manjusri
2387,Alejandro Puente
2388,Wang Jian
2389,Ayad Alkadhi
2390,Benedetto Luti
2391,Ibrahim El-Salahi
2392,Adam McEwen
2393,Fidelma Cadmus Kirstein
2394,Bartolomeo Cavarozzi
2395,Edith Mitchill Prellwitz
2396,Zheng Chongbin
2397,Shahpour Pouyan
2398,Carlo Dolci
2399,Giovanni Battista Caracciolo
2400,Leon Golub
2401,José Sánchez
2402,Carmen Herrera
2403,Amy Sillman
2404,Regina Bogat
2405,Elisheva Biernoff
2406,Lee Mullican
2407,Francis Alÿs
2408,Antoine-Félix Boisselier
2409,Yahya Ghaffari
2410,Jacqueline Humphries
2411,K.G. Subramanyan
2412,Tomie Ohtake
2413,Juan Francisco de Aguilera
2414,Prabhavathi Meppayil
2415,Jesse Howard
2416,Simon Vouet
2417,Marcus Gheeraerts the Younger
2418,Erol Akyavas
2419,Franz von Stuck
2420,Adrian Ghenie
2421,William Bailey
2422,Stanley Whitney
2423,Steve Wheeler
2424,Etel Adnan
2425,Mohan Samant
2426,Edna Andrade
2427,Jean-Michel Basquiat
2428,Basilio Santa Cruz Pumacallao
2429,Melchor Pérez Holguin
2430,Boetius Adams Bolswert
2431,Ramji
2432,Jonathan Lasker
2433,Shara Hughes
2434,Charles E. Weir
2435,Girolamo da Carpi (Girolamo Sellari)
2436,Henry Taylor
2437,Stefano da Verona (Stefano di Giovanni d'Arbosio di Francia)
2438,Steven Shearer
2439,Hamed Abdalla
2440,Waigan Djanghara
2441,Adam August Müller
2442,Johan Vilhelm Gertner
2443,Elizabeth Catlett
2444,Michael Armitage
2445,Wang Jiqian (C. C. Wang)
2446,Imre Bak
2447,Carrie Moyer
2448,Léopold Stevens
2449,Peter Doig
2450,Robert Mangold
2451,Theo Van Rysselberghe
2452,Abdel Hadi El-Gazzar
2453,Orsola Maddalena Caccia
2454,Michele Desubleo
2455,Panfilo Nuvolone
2456,Giuseppe Ruoppolo
2457,Alessandro Turchi
2458,Carlo Maratti
2459,Carlo Cignani
2460,Charles Dewolf Brownell
2461,Abdallah Musavvar
2462,Sonia Delaunay
2463,Nonggirrnga Marawili
2464,Gulumbu Yunupingu
2465,Sajnu
2466,Ambav
2467,Angelina Pwerle
2468,Carlene West
2469,Wintjiya Napaltjarri
2470,Yukultji Napangati
2471,Jonas Wood
2472,Jiva
2473,Sukha
2474,Kishan Das
2475,Skunder Boghossian
2476,Vivan Sundaram
2477,Henry Prellwitz
2478,Fred Tomaselli
2479,Grafton Tyler Brown
2480,Helena de Kay
2481,Christian Krohg
2482,Harvey Quaytman
2483,Raqib Shaw
2484,Rahim Kashani
2485,Hilda Belcher
2486,Wade Guyton
2487,William Wood
2488,Titus Kaphar
2489,Sosa Joseph
2490,Julie Mehretu
2491,Hervé Télémaque
2492,Meyer Vaisman
2493,Julie Hart Beers
2494,Frits Thaulow
2495,Reggie Burrows Hodges
2496,Domingo Ortiz
2497,Nicolás Rodríguez Juárez
2498,Wu Jian’an
2499,Hung Liu
2500,Helen Hardin
2501,François-Auguste Biard
2502,Julia Rommel
2503,Lisa Yuskavage
2504,John Currin
2505,"Archibald J. Motley, Jr."
2506,Jadé Fadojutimi
2507,Madhvi Parekh
2508,David Salle
2509,"Tirupati School, South India"
2510,Barbara Rossi
2511,Giuseppe Abbati
2512,Maggi Hambling
2513,Michiel van Musscher
2514,Khalil Rabah
2515,Nicole Eisenman
2516,John Golding
2517,"Charlotte Eustache Sophie de Fuligny Damas, marquise de Grollier"
2518,Maysha Mohamedi
2519,Hugh Steers
2520,María Berrío
2521,Salman Toor
2522,David Diao
2523,Evelyn Statsinger
2524,Uzo Egonu
2525,Helene Schjerfbeck
2526,Louis Fratino
2527,Matthew Wong
2528,Christine Ay Tjoe
2529,Weyller
2530,Louis de Carmontelle
2531,Jules Guerin|Louis Philibert Debucourt
2532,Charles G. Rosenberg
2533,Ester Speakman
2534,John James Audubon
2535,Louis Remy Mignot
2536,J. L. Williams
2537,William Jewett
2538,Cui Bai
2539,Giuseppe Castiglione
2540,Chen Rong
2541,Li Zhaodao
2542,Gessen
2543,Li Gonglin
2544,Jai Ram
2545,Manaku
2546,Fattu
2547,Charles Howard Hodges
2548,Flemish Painter
2549,Master of the Liège Disciples at Emmaus
2550,Peruvian Painter
2551,Charles Pompée Le Boulanger de Boisfrémont
2552,Frans Snyders
2553,"Follower of Lippo Memmi (Italian, Sienese, active mid-14th century)|Bartolo di Fredi"
2554,"Follower of Lippo Memmi (Italian, Sienese, active mid-14th century)"
2555,early 19th century painter
2556,American Painter
2557,Martin Wong
2558,Alexander Melamid|Vitaly Komar
2559,Fionnuala Boyd|Leslie Evans
2560,Allan Kaprow|Jasper Johns
2561,Master of the Acquavella Still Life
2562,Jugarsi
2563,Syaji
2564,Rachel Ruysch
